"id","property_id","user_id","page_name","updated_date"
"1001","61","642","bed","2018-06-29 20:41:03"
"1002","61","642","bed","2018-06-29 20:41:04"
"1003","61","642","bed","2018-06-29 20:53:32"
"1004","50","642","bed","2018-06-29 21:12:01"
"1005","54","642","floor","2018-06-29 21:13:39"
"1006","54","642","room","2018-06-29 21:14:02"
"1007","54","642","bed","2018-06-29 21:14:47"
"1008","67","957","detail","2018-06-30 11:54:49"
"1009","57","957","detail","2018-06-30 11:56:09"
"1010","57","957","floor","2018-06-30 11:56:45"
"1011","48","957","detail","2018-06-30 11:58:57"
"1012","68","957","detail","2018-06-30 11:59:25"
"1013","81","957","detail","2018-06-30 11:59:59"
"1014","80","957","detail","2018-06-30 12:00:23"
"1015","76","957","detail","2018-06-30 12:00:50"
"1016","1","1177","bed","2018-06-30 16:10:29"
"1017","1","1177","floor","2018-06-30 16:11:00"
"1018","1","1177","room","2018-06-30 16:13:03"
"1019","1","1177","floor","2018-06-30 16:13:10"
"1020","1","1177","room","2018-06-30 16:14:08"
"1021","1","1177","bed","2018-06-30 16:15:29"
"1022","1","1177","room","2018-06-30 16:16:15"
"1023","11","61","bed","2018-06-30 16:16:52"
"1024","11","61","bed","2018-06-30 16:17:34"
"1025","1","1177","bed","2018-06-30 16:18:36"
"1026","11","61","bed","2018-06-30 16:22:30"
"1027","1","1177","bed","2018-06-30 16:25:29"
"1028","60","720","localtity","2018-06-30 17:43:56"
"1029","53","604","gallery","2018-07-01 11:17:36"
"1030","69","604","gallery","2018-07-01 11:32:02"
"1031","69","604","amenities","2018-07-01 11:32:06"
"1032","11","604","localtity","2018-07-01 13:17:22"
"1033","69","604","detail","2018-07-01 14:07:49"
"1034","56","604","detail","2018-07-01 14:08:48"
"1035","44","604","detail","2018-07-01 14:09:23"
"1036","68","604","detail","2018-07-01 14:09:53"
"1037","63","604","detail","2018-07-01 14:10:23"
"1038","76","656","bed","2018-07-01 18:07:50"
"1039","76","656","gallery","2018-07-01 18:07:58"
"1040","47","1","detail","2018-07-02 19:21:40"
"1041","49","604","gallery","2018-07-02 19:22:45"
"1042","22","604","gallery","2018-07-02 19:23:53"
"1043","43","604","gallery","2018-07-02 19:26:44"
"1044","43","604","gallery","2018-07-02 19:35:47"
"1045","54","604","gallery","2018-07-02 19:45:30"
"1046","59","604","gallery","2018-07-02 19:46:15"
"1047","50","604","gallery","2018-07-02 19:48:34"
"1048","50","604","amenities","2018-07-02 19:48:58"
"1049","50","604","amenities","2018-07-02 19:50:40"
"1050","50","604","gallery","2018-07-02 19:51:23"
"1051","11","61","bed","2018-07-03 11:25:25"
"1052","61","604","amenities","2018-07-03 14:29:26"
"1053","33","1273","detail","2018-07-03 14:55:33"
"1054","34","1273","detail","2018-07-03 15:01:53"
"1055","16","1273","detail","2018-07-03 15:13:26"
"1056","3","1273","detail","2018-07-03 15:28:17"
"1057","14","1273","detail","2018-07-03 15:29:18"
"1058","42","1273","detail","2018-07-03 15:29:54"
"1059","60","1273","detail","2018-07-03 15:30:47"
"1060","52","1273","detail","2018-07-03 15:32:50"
"1061","77","1273","detail","2018-07-03 16:16:20"
"1062","78","1273","detail","2018-07-03 16:18:25"
"1063","47","1273","detail","2018-07-03 16:19:12"
"1064","51","1273","detail","2018-07-03 16:20:09"
"1065","35","1273","detail","2018-07-03 16:20:44"
"1066","31","1273","detail","2018-07-03 16:27:42"
"1067","31","1273","floor","2018-07-03 16:27:47"
"1068","36","1273","detail","2018-07-03 16:28:24"
"1069","36","1273","floor","2018-07-03 16:28:26"
"1070","32","1273","detail","2018-07-03 16:28:46"
"1071","32","1273","floor","2018-07-03 16:28:49"
"1072","3","1273","detail","2018-07-03 16:29:14"
"1073","18","1273","detail","2018-07-03 16:29:49"
"1074","70","1273","detail","2018-07-03 16:30:16"
"1075","44","1273","detail","2018-07-03 16:37:49"
"1076","57","1273","detail","2018-07-03 16:38:38"
"1077","57","1273","floor","2018-07-03 16:38:40"
"1078","68","1273","detail","2018-07-03 16:39:11"
"1079","43","1273","detail","2018-07-03 16:48:42"
"1080","61","1273","detail","2018-07-03 16:49:09"
"1081","35","604","localtity","2018-07-03 17:17:54"
"1082","51","1273","detail","2018-07-03 17:20:02"
"1083","66","1273","detail","2018-07-03 17:20:52"
"1084","29","1273","detail","2018-07-03 17:21:18"
"1085","28","1273","detail","2018-07-03 17:21:27"
"1086","1","1273","detail","2018-07-03 17:22:32"
"1087","7","1273","detail","2018-07-03 17:22:41"
"1088","11","1273","detail","2018-07-03 17:22:51"
"1089","13","1273","detail","2018-07-03 17:23:45"
"1090","75","1273","detail","2018-07-03 17:25:17"
"1091","16","1273","detail","2018-07-03 17:25:24"
"1092","41","1273","detail","2018-07-03 17:25:33"
"1093","40","1273","detail","2018-07-03 17:25:39"
"1094","38","1273","detail","2018-07-03 17:25:45"
"1095","73","1273","detail","2018-07-03 17:26:05"
"1096","42","1273","detail","2018-07-03 17:27:09"
"1097","72","1273","detail","2018-07-03 17:27:20"
"1098","74","1273","detail","2018-07-03 17:27:26"
"1099","83","1273","detail","2018-07-03 17:27:43"
"1100","82","1273","detail","2018-07-03 17:29:32"
"1101","64","1273","detail","2018-07-03 17:29:39"
"1102","48","1273","detail","2018-07-03 17:29:47"
"1103","45","1273","detail","2018-07-03 17:29:55"
"1104","53","1273","detail","2018-07-03 17:30:33"
"1105","62","1273","detail","2018-07-03 17:30:58"
"1106","58","1273","detail","2018-07-03 17:31:06"
"1107","65","1273","detail","2018-07-03 17:31:17"
"1108","76","1273","detail","2018-07-03 17:31:25"
"1109","79","1273","detail","2018-07-03 17:32:02"
"1110","69","1273","detail","2018-07-03 17:34:11"
"1111","81","1273","detail","2018-07-03 17:34:23"
"1112","80","1273","detail","2018-07-03 17:34:32"
"1113","56","1273","detail","2018-07-03 17:34:40"
"1114","22","1273","detail","2018-07-03 17:34:57"
"1115","54","1273","detail","2018-07-03 17:35:03"
"1116","54","1273","detail","2018-07-03 17:35:10"
"1117","49","1273","detail","2018-07-03 17:35:18"
"1118","59","1273","detail","2018-07-03 17:35:31"
"1119","50","1273","detail","2018-07-03 17:35:39"
"1120","52","1","detail","2018-07-03 18:24:47"
"1121","72","611","bed","2018-07-04 09:58:09"
"1122","16","604","amenities","2018-07-04 11:28:27"
"1123","3","604","amenities","2018-07-04 11:29:10"
"1124","14","604","amenities","2018-07-04 11:29:56"
"1125","74","604","amenities","2018-07-04 11:31:30"
"1126","41","604","amenities","2018-07-04 11:40:20"
"1127","70","604","amenities","2018-07-04 11:41:12"
"1128","85","1177","floor","2018-07-04 11:58:23"
"1129","85","1177","room","2018-07-04 12:05:57"
"1130","85","1177","bed","2018-07-04 12:22:44"
"1131","85","1177","gallery","2018-07-04 12:22:47"
"1132","85","1177","amenities","2018-07-04 12:24:15"
"1133","86","1177","localtity","2018-07-04 12:35:35"
"1134","86","1177","detail","2018-07-04 12:35:46"
"1135","86","1177","floor","2018-07-04 12:50:07"
"1136","86","1177","floor","2018-07-04 12:50:08"
"1137","86","1177","floor","2018-07-04 12:50:43"
"1138","86","1177","floor","2018-07-04 12:51:17"
"1139","86","1177","room","2018-07-04 12:55:22"
"1140","86","1177","bed","2018-07-04 13:01:38"
"1141","86","1177","gallery","2018-07-04 13:01:44"
"1142","86","1177","amenities","2018-07-04 13:01:47"
"1143","86","1177","bed","2018-07-04 14:17:15"
"1144","86","1177","gallery","2018-07-04 14:17:21"
"1145","86","1177","amenities","2018-07-04 14:18:00"
"1146","85","604","detail","2018-07-04 15:07:24"
"1147","85","604","amenities","2018-07-04 15:07:51"
"1148","86","604","localtity","2018-07-04 15:09:56"
"1149","86","604","detail","2018-07-04 15:10:23"
"1150","86","604","amenities","2018-07-04 15:10:47"
"1151","76","1177","detail","2018-07-04 18:31:16"
"1152","62","1177","detail","2018-07-04 18:32:10"
"1153","58","1177","detail","2018-07-04 18:32:52"
"1154","65","1177","detail","2018-07-04 18:33:51"
"1155","79","1177","detail","2018-07-04 18:34:30"
"1156","85","1","detail","2018-07-05 17:35:31"
"1157","64","1314","bed","2018-07-05 17:41:58"
"1158","64","1314","bed","2018-07-05 17:42:24"
"1159","85","1","localtity","2018-07-05 19:36:10"
"1160","82","645","detail","2018-07-06 11:40:47"
"1161","82","645","floor","2018-07-06 11:40:52"
"1162","82","645","room","2018-07-06 11:40:57"
"1163","82","645","bed","2018-07-06 11:41:09"
"1164","82","645","gallery","2018-07-06 11:42:01"
"1165","82","645","amenities","2018-07-06 11:42:11"
"1166","65","645","floor","2018-07-06 11:45:11"
"1167","65","645","room","2018-07-06 11:51:08"
"1168","65","645","room","2018-07-06 11:52:57"
"1169","65","645","room","2018-07-06 12:13:57"
"1170","65","645","bed","2018-07-06 12:38:48"
"1171","64","645","bed","2018-07-06 12:55:46"
"1172","64","645","bed","2018-07-06 12:58:41"
"1173","64","645","bed","2018-07-06 13:00:47"
"1174","64","645","bed","2018-07-06 13:09:52"
"1175","37","604","gallery","2018-07-06 14:43:19"
"1176","36","949","detail","2018-07-06 18:33:00"
"1177","37","949","detail","2018-07-06 18:34:47"
"1178","32","949","detail","2018-07-06 18:35:16"
"1179","60","604","detail","2018-07-06 18:37:04"
"1180","65","645","bed","2018-07-07 12:07:51"
"1181","26","604","detail","2018-07-07 13:00:10"
"1182","60","720","localtity","2018-07-07 16:09:39"
"1183","60","720","detail","2018-07-07 16:09:44"
"1184","60","720","floor","2018-07-07 16:09:54"
"1185","60","720","room","2018-07-07 16:10:04"
"1186","60","720","bed","2018-07-07 16:10:35"
"1187","60","720","gallery","2018-07-07 16:10:52"
"1188","60","720","amenities","2018-07-07 16:11:00"
"1189","60","720","bed","2018-07-07 17:10:15"
"1190","60","720","bed","2018-07-07 17:13:19"
"1191","60","720","bed","2018-07-07 17:14:19"
"1192","60","720","room","2018-07-07 17:16:08"
"1193","60","720","bed","2018-07-07 17:17:14"
"1194","60","720","gallery","2018-07-07 17:17:24"
"1195","60","949","bed","2018-07-07 18:22:17"
"1196","64","645","detail","2018-07-08 13:00:06"
"1197","65","645","detail","2018-07-08 13:01:30"
"1198","65","645","floor","2018-07-08 13:01:36"
"1199","44","645","detail","2018-07-08 13:04:58"
"1200","13","61","detail","2018-07-09 11:12:43"
"1201","37","1273","detail","2018-07-09 13:19:46"
"1202","36","1","detail","2018-07-09 14:42:31"
"1203","72","61","bed","2018-07-09 17:33:36"
"1204","48","604","localtity","2018-07-09 17:55:34"
"1205","85","604","localtity","2018-07-10 13:50:26"
"1206","85","604","detail","2018-07-10 13:50:49"
"1207","85","604","amenities","2018-07-10 13:51:10"
"1208","85","604","gallery","2018-07-10 13:51:20"
"1209","53","604","detail","2018-07-10 14:39:07"
"1210","64","645","bed","2018-07-10 15:45:36"
"1211","31","604","localtity","2018-07-10 16:14:55"
"1212","31","604","localtity","2018-07-10 16:23:26"
"1213","35","604","localtity","2018-07-10 19:22:46"
"1214","32","604","gallery","2018-07-10 20:33:06"
"1215","54","604","localtity","2018-07-11 11:58:23"
"1216","49","604","gallery","2018-07-11 12:07:54"
"1217","79","645","bed","2018-07-11 12:08:31"
"1218","49","604","gallery","2018-07-11 12:09:06"
"1219","79","645","bed","2018-07-11 12:11:59"
"1220","26","949","detail","2018-07-11 12:28:41"
"1221","31","949","detail","2018-07-11 12:31:28"
"1222","35","949","detail","2018-07-11 12:32:04"
"1223","29","949","detail","2018-07-11 12:32:48"
"1224","47","949","detail","2018-07-11 12:33:41"
"1225","78","1","detail","2018-07-11 12:46:51"
"1226","28","1","detail","2018-07-11 12:46:58"
"1227","77","1","detail","2018-07-11 12:47:04"
"1228","85","645","bed","2018-07-11 13:28:27"
"1229","49","642","floor","2018-07-11 17:11:11"
"1230","49","642","room","2018-07-11 17:15:11"
"1231","49","642","bed","2018-07-11 17:16:31"
"1232","49","642","bed","2018-07-11 17:22:10"
"1233","49","642","bed","2018-07-11 17:26:23"
"1234","75","1","detail","2018-07-11 19:30:32"
"1235","16","1","detail","2018-07-11 19:30:51"
"1236","76","604","detail","2018-07-12 10:39:34"
"1237","64","645","bed","2018-07-12 12:33:00"
"1238","85","645","bed","2018-07-12 12:35:46"
"1239","52","816","bed","2018-07-12 12:39:38"
"1240","52","816","bed","2018-07-12 12:41:09"
"1241","52","816","bed","2018-07-12 12:41:58"
"1242","85","645","bed","2018-07-12 12:43:20"
"1243","66","604","detail","2018-07-12 13:20:16"
"1244","44","1314","bed","2018-07-12 16:37:52"
"1245","44","1314","bed","2018-07-12 17:34:59"
"1246","44","1314","bed","2018-07-12 17:35:29"
"1247","87","1","localtity","2018-07-13 12:14:54"
"1248","87","1","detail","2018-07-13 12:15:28"
"1249","87","1","floor","2018-07-13 12:15:51"
"1250","87","1","room","2018-07-13 12:16:33"
"1251","87","1","bed","2018-07-13 12:17:12"
"1252","87","1","gallery","2018-07-13 12:17:58"
"1253","87","1","amenities","2018-07-13 12:18:34"
"1254","85","645","bed","2018-07-13 12:50:06"
"1255","85","645","floor","2018-07-13 13:45:03"
"1256","85","645","room","2018-07-13 13:57:22"
"1257","75","604","detail","2018-07-13 14:04:43"
"1258","85","645","bed","2018-07-13 14:53:32"
"1259","85","645","gallery","2018-07-13 14:53:47"
"1260","85","645","bed","2018-07-13 14:55:37"
"1261","85","645","bed","2018-07-13 14:57:21"
"1262","85","645","bed","2018-07-13 14:58:49"
"1263","66","872","detail","2018-07-13 16:21:38"
"1264","66","872","bed","2018-07-13 16:26:28"
"1265","66","872","bed","2018-07-13 16:40:11"
"1266","66","872","gallery","2018-07-13 16:40:40"
"1267","66","872","amenities","2018-07-13 16:41:31"
"1268","66","872","bed","2018-07-13 16:50:26"
"1269","66","872","gallery","2018-07-13 16:50:47"
"1270","66","872","amenities","2018-07-13 16:50:52"
"1271","22","651","bed","2018-07-13 19:20:18"
"1272","60","720","bed","2018-07-13 20:25:03"
"1273","60","720","gallery","2018-07-13 20:26:04"
"1274","60","720","bed","2018-07-13 20:32:13"
"1275","60","720","bed","2018-07-13 20:47:12"
"1276","60","720","bed","2018-07-13 20:51:14"
"1277","60","720","gallery","2018-07-13 20:51:42"
"1278","38","949","detail","2018-07-14 17:55:00"
"1279","40","949","detail","2018-07-14 17:55:24"
"1280","41","949","detail","2018-07-14 17:55:47"
"1281","13","949","detail","2018-07-14 17:58:13"
"1282","70","949","detail","2018-07-14 18:06:46"
"1283","18","949","detail","2018-07-14 18:07:03"
"1284","73","949","detail","2018-07-14 18:09:49"
"1285","47","949","detail","2018-07-14 18:53:31"
"1286","79","645","bed","2018-07-15 12:15:40"
"1287","36","604","detail","2018-07-15 14:11:12"
"1288","37","604","detail","2018-07-15 14:12:47"
"1289","32","604","detail","2018-07-15 14:13:46"
"1290","62","645","bed","2018-07-15 14:56:04"
"1291","62","645","bed","2018-07-15 14:59:02"
"1292","62","645","bed","2018-07-15 15:00:01"
"1293","62","645","bed","2018-07-15 15:03:11"
"1294","62","645","bed","2018-07-15 15:09:21"
"1295","85","604","detail","2018-07-15 15:43:37"
"1296","86","604","detail","2018-07-15 15:44:52"
"1297","60","720","bed","2018-07-15 16:26:48"
"1298","40","604","detail","2018-07-15 16:33:27"
"1299","41","604","detail","2018-07-15 16:33:58"
"1300","38","604","detail","2018-07-15 16:34:35"
"1301","70","604","detail","2018-07-15 16:35:00"
"1302","18","604","detail","2018-07-15 16:35:24"
"1303","73","604","detail","2018-07-15 16:36:02"
"1304","14","604","detail","2018-07-15 16:36:31"
"1305","14","604","gallery","2018-07-15 16:57:25"
"1306","13","604","gallery","2018-07-15 17:03:14"
"1307","22","651","floor","2018-07-15 18:57:38"
"1308","22","651","room","2018-07-15 19:01:01"
"1309","22","651","bed","2018-07-15 19:02:33"
"1310","43","953","floor","2018-07-15 20:05:23"
"1311","43","953","floor","2018-07-15 20:09:39"
"1312","43","953","room","2018-07-15 20:15:45"
"1313","43","953","bed","2018-07-15 20:35:03"
"1314","57","1","detail","2018-07-16 11:55:04"
"1315","57","1273","detail","2018-07-16 11:55:19"
"1316","57","1033","bed","2018-07-16 12:09:08"
"1317","33","604","detail","2018-07-16 12:22:39"
"1318","57","1033","bed","2018-07-16 12:23:02"
"1319","70","604","detail","2018-07-16 12:41:50"
"1320","3","604","detail","2018-07-16 12:42:13"
"1321","41","604","detail","2018-07-16 12:42:41"
"1322","40","604","detail","2018-07-16 12:43:26"
"1323","18","604","detail","2018-07-16 12:43:58"
"1324","73","604","detail","2018-07-16 12:44:36"
"1325","22","651","room","2018-07-16 12:57:18"
"1326","22","651","bed","2018-07-16 13:01:47"
"1327","72","604","detail","2018-07-16 13:54:08"
"1328","64","645","bed","2018-07-16 18:34:27"
"1329","66","872","room","2018-07-16 19:10:06"
"1330","66","872","bed","2018-07-16 19:12:31"
"1331","31","896","floor","2018-07-17 12:44:13"
"1332","31","896","floor","2018-07-17 12:44:41"
"1333","31","896","room","2018-07-17 12:44:50"
"1334","31","896","bed","2018-07-17 12:46:00"
"1335","31","896","bed","2018-07-17 12:46:16"
"1336","31","896","bed","2018-07-17 12:46:54"
"1337","50","604","detail","2018-07-17 12:52:35"
"1338","69","604","detail","2018-07-17 12:53:10"
"1339","53","604","detail","2018-07-17 12:53:26"
"1340","79","604","detail","2018-07-17 12:59:49"
"1341","57","604","detail","2018-07-17 13:05:57"
"1342","64","604","detail","2018-07-17 13:06:13"
"1343","44","604","localtity","2018-07-17 13:06:21"
"1344","44","604","detail","2018-07-17 13:06:26"
"1345","68","604","detail","2018-07-17 13:08:53"
"1346","74","61","bed","2018-07-17 13:53:25"
"1347","65","645","localtity","2018-07-17 16:35:23"
"1348","65","645","detail","2018-07-17 16:35:30"
"1349","65","645","floor","2018-07-17 16:35:43"
"1350","65","645","room","2018-07-17 16:35:54"
"1351","65","645","bed","2018-07-17 16:36:40"
"1352","65","645","gallery","2018-07-17 16:36:45"
"1353","65","645","amenities","2018-07-17 16:37:03"
"1354","22","651","bed","2018-07-18 09:43:58"
"1355","22","651","room","2018-07-18 09:49:21"
"1356","22","651","bed","2018-07-18 09:53:20"
"1357","69","604","detail","2018-07-18 11:23:09"
"1358","69","604","detail","2018-07-18 11:28:51"
"1359","36","871","bed","2018-07-18 12:59:37"
"1360","36","871","gallery","2018-07-18 12:59:55"
"1361","36","871","amenities","2018-07-18 13:00:02"
"1362","36","871","bed","2018-07-18 13:13:30"
"1363","36","871","gallery","2018-07-18 13:13:35"
"1364","36","871","amenities","2018-07-18 13:13:42"
"1365","36","871","localtity","2018-07-18 13:15:41"
"1366","36","871","detail","2018-07-18 13:15:47"
"1367","36","871","floor","2018-07-18 13:16:00"
"1368","36","871","bed","2018-07-18 13:18:59"
"1369","36","871","gallery","2018-07-18 13:19:03"
"1370","36","871","amenities","2018-07-18 13:19:08"
"1371","37","602","bed","2018-07-18 14:43:59"
"1372","37","602","bed","2018-07-18 14:52:16"
"1373","37","602","amenities","2018-07-18 15:02:15"
"1374","36","602","amenities","2018-07-18 15:06:02"
"1375","62","645","localtity","2018-07-18 15:31:25"
"1376","62","645","detail","2018-07-18 15:31:28"
"1377","62","645","floor","2018-07-18 15:31:33"
"1378","62","645","room","2018-07-18 15:31:44"
"1379","62","645","bed","2018-07-18 15:32:04"
"1380","62","645","bed","2018-07-18 15:33:26"
"1381","62","645","gallery","2018-07-18 15:33:28"
"1382","62","645","amenities","2018-07-18 15:33:32"
"1383","52","816","bed","2018-07-18 16:49:47"
"1384","76","645","localtity","2018-07-18 18:03:20"
"1385","76","645","detail","2018-07-18 18:03:22"
"1386","76","645","detail","2018-07-18 18:03:22"
"1387","76","645","floor","2018-07-18 18:03:26"
"1388","76","645","room","2018-07-18 18:03:33"
"1389","76","645","bed","2018-07-18 18:03:53"
"1390","76","645","gallery","2018-07-18 18:03:55"
"1391","76","645","amenities","2018-07-18 18:03:59"
"1392","66","872","floor","2018-07-18 19:59:24"
"1393","66","872","room","2018-07-18 20:00:20"
"1394","66","872","bed","2018-07-18 20:14:58"
"1395","40","604","detail","2018-07-19 11:45:01"
"1396","38","604","detail","2018-07-19 11:45:24"
"1397","86","1","localtity","2018-07-19 13:14:18"
"1398","86","1","detail","2018-07-19 13:14:21"
"1399","86","1","floor","2018-07-19 13:14:23"
"1400","86","1","room","2018-07-19 13:14:28"
"1401","86","1","bed","2018-07-19 13:14:33"
"1402","86","1","gallery","2018-07-19 13:14:39"
"1403","86","1","gallery","2018-07-19 13:15:14"
"1404","86","1","gallery","2018-07-19 13:15:33"
"1405","86","1","vrgallery","2018-07-19 13:15:50"
"1406","50","642","bed","2018-07-21 15:52:47"
"1407","50","642","bed","2018-07-21 15:57:33"
"1408","50","642","bed","2018-07-21 15:58:17"
"1409","50","1314","bed","2018-07-21 16:23:01"
"1410","54","1273","bed","2018-07-21 16:23:35"
"1411","50","1314","bed","2018-07-21 16:25:13"
"1412","54","1273","bed","2018-07-21 16:40:22"
"1413","22","651","bed","2018-07-22 16:58:00"
